,species,sepal length (cm),sepal length (cm),sepal width (cm),sepal width (cm),petal length (cm),petal length (cm),petal width (cm),petal width (cm)
,,mean,std,mean,std,mean,std,mean,std
0,Iris Setosa,5.006,0.3524896872134513,3.428,0.3790643690962886,1.462,0.1736639964801841,0.24600000000000002,0.10538558938004565
1,Iris Versicolor,5.936,0.5161711470638635,2.77,0.3137983233784114,4.26,0.46991097723995784,1.3259999999999998,0.19775268000454407
2,Iris Virginica,6.587999999999999,0.635879593274432,2.9739999999999998,0.3224966381726375,5.5520000000000005,0.5518946956639835,2.026,0.27465005563666745
